tools_names,urls,what_is,pricing,tags,use_cases
Rasa.Io,https://topai.tools/t/rasa-io,"The rasa.io newsletter engages and grows relationships through content curated for each individual you send to. Whether your email list has 100 or 100,000 - everyone gets a set of articles chosen specifically for them. You can provide a real benefit regularly for everyone on your email list. And not just regularly, but relevantly. Through automation, you can engage with a new level of frequency and personalization without having to spend more time, effort, or money.",Subscription,Marketing,"Engage and grow relationships with personalized newsletters..
Curate content for each individual on your email list..
Automate frequency and personalization for efficient communication.."
Gift Ideas AI,https://topai.tools/t/gift-ideas-ai-xyz,"Gift Ideas AI is an easy to use gift finder that aims to make the process of finding the perfect gift for your loved ones easy and stress-free. Powered by an intelligent recommendation engine, this platform offers personalized gift solutions based on the interests of your loved ones in just a few minutes. With advanced AI algorithms, Gift Ideas AI takes into consideration their interests, age, gender, and special occasions to present you with personalized and curated gift ideas that match their unique taste. The platform offers a wide range of budget-friendly options to suit every price range, ensuring that you find the perfect gift without breaking the bank.

No more procrastination or last-minute gift hunting! Gift Ideas AI learns from your gift-giving history and sends timely reminders, helping you stay organized and prepared for every special occasion. The platform is also integrated with reputable e-commerce platforms and retailers, ensuring a secure and seamless shopping experience, so you can shop with confidence knowing that your transactions are safe.

Finding the perfect gift has never been easier. Gift Ideas AI understands the difficulty and effort involved in the process of finding the ideal present for your loved ones, and that's why they have created an AI-based system to assist you in identifying the perfect gift.",Free,Gift Ideas,"Find personalized gift ideas.
Get curated gift suggestions.
Stay organized with timely reminders for important occasions."
AIGPT Free,https://topai.tools/t/aigpt-free,"AiGPT_Free, experience boundless creativity with unlimited access - all for FREE!, this AI tool transforms your chat experience on different messenger platforms like Telegram or Whatsapp. No more memorizing complex prompts; AiGPT understands your needs and delivers accurate results effortlessly. Say goodbye to juggling multiple tools - AiGPT is your all-in-one solution for generating text, images, reports, and more. Enjoy endless fun as there are no usage limits. With a simple one-click setup, you're ready to chat and create with convenience at your fingertips!

AiGPT improves AI interaction, offering a gateway to limitless creative possibilities without hefty fees. Its diverse tools, from grammar fixing to generating reports and images, cater to various needs. Voice ChatGPT allows you to speak instead of type. The Magic Prompt feature generates perfect prompts from vague instructions using vast data. AiGPT is a mission to democratize AI, making it an everyday, indispensable tool for assistance, inspiration, and amazement.

Join the AiGPT today, turning every chat into a masterpiece. Explore, create, and transcend the ordinary with the extraordinary powers of AiGPT. Let your creativity soar with this remarkable AI tool. ðŸŽ‰",Free,AI Assistant,"Generate creative content for chats on messenger platforms..
Simplify text, image, and report generation with AI..
Enhance communication and productivity using voice.."
Unstable Diffusion,https://topai.tools/t/unstable-diffusion,Unstable Diffusion is an AI image generator based on the stable diffusion model. It provides an unrestricted and uncensored image generation. With Ustability you can create any image you imagine from a text prompt and copy others' creations as well.,Freemium,Image Generation,"Generate unique images from text prompts using AI..
Explore unrestricted and diverse image creation..
Copy and modify others' AI-generated image creations.."
MediSearch,https://topai.tools/t/medsearch-io,"MediSearch is a Search engine for trustworthy medical information. Get direct answers to medical questions based on scientific articles. Does not diagnose or solve health problems, but very useful in finding health information.",Free,Health,"Find trustworthy medical information based on scientific articles..
Get direct answers to medical questions from reputable sources..
Access valuable health information for research and understanding.."
SlideSpeak,https://topai.tools/t/slidespeak-co,"Slidespeak is an AI tool that allows you to Chat with your PowerPoint files. Upload your data and ask any question about your PowerPoint slides. Let AI generate summaries, answer questions or get actions items out of any presentation.Summarize PowerPoint slides with AI. summarize slides, get information and much more.Transforming PowerPoint into powerful conversations. Upload, chat, and gain new insights from your presentations. Saving your hours of work.",Free trial,Presentations,"Generate AI summaries of PowerPoint slides.
Ask questions and get answers from your presentations and slides.
Gain insights and action items through AI-powered conversations from powerpoint presentations."
Essential,https://topai.tools/t/essential,"Essential is an open-source MacOS app developed by Getessential.app that serves as your co-pilot for your computer screen. It acts as a second set of eyes to help you with various tasks. With Essential, you can effortlessly remember information on your screen, understand what you are trying to accomplish, and troubleshoot issues by surfacing helpful suggestions and fixes.

This powerful tool utilizes computer vision and OpenAI's LLMS to analyze what's on your screen, making it capable of understanding error messages, logs, and stack traces from your IDE, terminal, or browser. By simply pressing âŒ˜-tab, Essential provides you with the necessary fixes in the appropriate context, eliminating the need for manual searching or copying and pasting error messages.

Essential also acts as a memory layer for your screen, allowing you to quickly reference and recall important moments from your recent work. It uses OCR technology to automatically categorize and store screenshots and information, helping you find the information you need in no time.

Privacy-conscious users can rest assured, as all data processing happens entirely on your Mac, ensuring your information never leaves your system. Download Essential now and take advantage of its powerful features to enhance your productivity and troubleshooting capabilities.",Visit Site,Productivity,"Effortlessly remember information on your Mac screen.
Understand and fix error messages with the help of AI.
Quickly reference and recall important moments.
Enhance productivity with an local AI assistant."
Background Changer,https://topai.tools/t/background-changer,"The AI Background Changer by Zmo.ai is an AI tool that allows you to easily replace the background image with a new, customized backdrop of your choice. Whether you want to create stunning photo-realistic product pictures for e-commerce or personalize the background of your images, this tool has got you covered.

With the AI Background Changer, you can generate backgrounds for product photography and upgrade e-commerce product images at a low cost. You can also use it to create lifestyle photos for your e-commerce products in just a few seconds. It is perfect for both small objects and changing the backgrounds of portraits and cars.

The AI Background Changer intelligently identifies the subject in the image and seamlessly replaces the background while maintaining the natural appearance of the subject. It can handle complex images with intricate details such as hair, fur, and transparent objects, delivering realistic and accurate results.

You can use the AI Background Changer for both personal and commercial purposes, including website design, marketing materials, and social media content. However, it is your responsibility to ensure that you have the necessary rights to use the images you upload.

Overall, the AI Background Changer by Zmo.ai is a powerful tool for effortlessly replacing backgrounds in images, making it a valuable asset for product photographers, e-commerce businesses, and anyone looking to enhance their images with customized backgrounds.",Freemium,Image Editing,"Generate backgrounds for product photography.
Create lifestyle photos for e-commerce products.
Replace backgrounds in portraits and cars.
Enhance images with customized backgrounds.
Upgrade e-commerce product images."
ZeroGPT Detector,https://topai.tools/t/zerogpt-detector,"ZeroGPT Detector is a widely trusted and widely used AI-powered plagiarism checker. It utilizes artificial intelligence to detect patterns and predict word choices, making it highly accurate in detecting AI-generated content. By analyzing billions of unique pages and words, ZeroGPT Detector can determine whether a piece of content is AI-generated or human-optimized. It can instantly differentiate between content that appears to be written by a human and content that seems to come from a robotic source like ChatGPT or GPT-4.

Using ZeroGPT Detector is easy. Simply input the text into the designated box and click the ""Detect Text"" button to initiate the detection process. The tool analyses the text using advanced algorithms developed by the ZeroGPT Detector team, supported by internal research and publications. It accurately determines the source of the text by employing fusion machine learning algorithms and natural language processing methodologies. It can effortlessly detect AI output text and provides fast and accurate results, eliminating the need for guesswork.

ZeroGPT Detector's AI content detector is useful for students, teachers, educators, writers, employees, freelancers, and copywriters. Its instant feedback and user-friendly interface make it effortless to use. Additionally, it supports multiple languages, making it accessible to a global user base.

In summary, ZeroGPT Detector provides a highly accurate and user-friendly solution for detecting AI-generated content. It is trusted by students, teachers, writers, and professionals around the world. With its advanced algorithms and extensive dataset, it helps users verify the authenticity of text and detect AI output almost instantly.",Free,AI Detection,"Verify the authenticity of text.
Detect AI-generated content.
Check for plagiarism in AI-generated text.
Ensure the originality of content.
Identify the source of AI-generated text."
Personal GPT,https://topai.tools/t/personal-gpt,"Personal GPT is an AI chatbot designed for privacy-conscious users. Unlike other chatbots, Personal GPT operates offline, ensuring that your data remains secure and confidential. With a one-time purchase, you can download and use the app on all your Apple devices, even sharing it with your family through Family Sharing.

The chatbot's AI-powered summarization feature allows you to save time and reduce complexity. It can swiftly analyze and summarize lengthy paragraphs, making it an invaluable tool for research and content creation. Additionally, Personal GPT can generate ideas and unlock your creative potential with its insightful suggestions, making it perfect for brainstorming and problem-solving.

One of the unique aspects of Personal GPT is its capability to enrich your learning experience. It delivers concise and relevant insights on a wide range of topics, helping you expand your knowledge with ease.

Say goodbye to costly subscription fees and embrace the lifetime value of Personal GPT. Its versatility, convenience, and creative potential make it a worthy investment for individuals who prioritize privacy. Please note that Personal GPT is an independently developed product and is not affiliated, endorsed, or sponsored by OpenAI.",Paid,Chat,"Keep your information private with a local chatbot running on your device.
Generate ideas and unlock creativity.
Expand knowledge on various topics easily without extra costs."
Incribo,https://topai.tools/t/incribo,"Introducing AuroraAI by Incribo, a powerful AI tool designed to improve the way you write and connect with readers. With AuroraAI, you can overcome common writing challenges and elevate your creativity, all in an easy-to-use interface.

This writers' tool offers a range of features to meet your diverse writing needs. Whether you struggle with writer's block, need a noise-free environment, or require confidence in your work, AuroraAI has got you covered. With its AI-centric system, AuroraAI delivers human-like outputs that are tailored to your input, saving you both time and money without compromising quality.

One of AuroraAI's standout features is its ability to support multiple genres, allowing you to confidently write across different styles and tones. Additionally, AuroraAI offers multi-language translation support, ensuring that your work reaches a global audience.

Incribo brings you an inclusive teams-based ecosystem, enabling the seamless collaboration of multiple users. As a writer, you can dive into the vibrant readers' community, growing and building a following from day one of your journey.",Visit Site,Writing,"Overcoming writer's block.
Creating a noise-free writing environment.
Generating human-like outputs.
Writing across different genres and styles.
Translating content into multiple languages."
Sidetrain,https://topai.tools/t/sidetrain-com,"Sidetrain's AI tutors offer personalized 1 on 1 sessions in AI. Gain hands-on experience and explore practical applications of AI. Elevate your skills with Sidetrain. Sidetrain currently provides and AI tutors section on the platform, find your 1 on 1 AI coach and start your journey or advance your knowledge in AI.",Usage based,Resources,"Find AI 1 on 1 coaches for different topics.
Learn how to use AI in your domain of work with AI coaches.
Get consultations from AI tutors and consultants."
Call Sign Generator,https://topai.tools/t/call-sign-generator,"Call Sign Generator is a powerful tool that enables you to create unique call signs tailored to your specific preferences. Whether you're a pilot, gamer, radio enthusiast, or involved in military operations, our generator will assist you in finding the perfect call sign that reflects your personality and style.

With Call Sign Generator, you can easily generate catchy and memorable call signs in a matter of seconds. Simply enter your first and last name (optional) into the designated fields and click the ""Generate Call Signs"" button. Even if you don't enter a name, the generator will still provide you with a selection of cool call sign ideas.",Free,Fun,"Generate personalized call signs.
Create unique call signs for that matches your personality.
Find catchy call sign ideas."
PixAI.ART,https://topai.tools/t/pixai-art,"Pixai is an AI art generator tool that can generate anime-style or realistic-style art for various use cases. It offers a character engine for generating original characters, and users can also generate chat bots for Discord or visual chat applications. The tool includes various ranking models to help users discover trending and popular artwork, with daily updates for the latest creations.

Pixai supports NSFW features and allows users to create artwork related to popular anime and games such as Fate, Genshin Impact, and Konosuba. PixAI's advanced AI art generator is equipped with advanced features such as controlnet, Hires fix, LoRAs and image to image that allows users to take the most control of their image results.

Browse the PixAI model market or use one of PixAI's default models or LoRAs to achieve your desired character or style. Share your AI art or the model you trained on PixAI's platform, and browse the huge AI art archive to find inspirations, prompts, and tutorials for your next AI art challenge.",Free,Art Generation,"Generate anime-style or realistic-style art.
Create original anime characters for your videos and stories.
Generate chat characters for Discord or visual chat applications."
PicTales,https://topai.tools/t/pictales,"Pictales is an AI-powered tool that allows you to generate unique stories based on your favorite images. With Pictales, you can upload your own images, select the genre and language, and watch the magic unfold as the AI engine creates a one-of-a-kind story every time. Supporting over 100 languages, Pictales can generate stories in any language you desire. It also offers multiple genres to choose from, including action, thriller, comedy, and many more. Whether you're a writer looking for inspiration or simply enjoy creative storytelling, Pictales is the perfect tool to help spark your imagination. Get started with Pictales today and let the AI engine bring your images to life with captivating and unique stories.",Freemium,Stories,"Generate unique stories based on uploaded images.
Spark creativity and inspiration for writers.
Create stories in multiple languages and genres."
GetIt.AI,https://topai.tools/t/open-gpt-plugin-store,"The Open Chat GPT Plugin Store is a directory that offers a wide range of AI plugins for chat applications. With hundreds of plugins to choose from, users can integrate these plugins into their chat applications to enhance functionality and improve user experience.

The store provides plugins for various categories such as productivity, analytics, communication, finance, gaming, marketing, programming, travel and more. Users can easily search for plugins based on their specific needs and select the ones that best fit their requirements.

The directory also offers a community-driven approach where users can contribute by registering their own plugins and integrating them into the chat application ecosystem. Additionally, there are resources and documentation available to help users build their own chat-GPT plugins.

Overall, the Open Chat GPT Plugin Store provides a comprehensive collection of AI plugins for chat applications, empowering users to enhance their chat experiences with advanced functionalities and automation.",Free,Aggregators,"Enhancing chat application functionality with different plugins.
Improving user experience in chatGPT.
Overcoming some of the limitations of chatGPT and adding functions.
Automating chatbot tasks."
Argil,https://topai.tools/t/argil,"Argil is a no-code AI automation tool that can save you hours of work every week. It allows you to build AI-powered workflows without the need for coding or complex data processing. With Argil, you can easily create workflows for text-to-text, image-to-image transformations, and much more.

One of the main features of Argil is its ability to transform text into automatic prompts, which can be used to generate new text or improve existing content. Additionally, the platform offers AI-powered templates for various use cases, such as generating chatbot responses, summarizing meeting notes, creating ad ideas, and even decorating empty rooms.

Argil's AI workflows can save you time and money by streamlining your work and automating repetitive tasks. The platform also allows you to personalize the results by customizing design assets and styles. Furthermore, you can integrate Argil with other tools and services through its robust API, enabling you to scale your processes and maximize productivity.",Free trial,No-code,"Automating tasks with different workflows.
Generating chatbot responses.
Summarizing meeting notes.
Creating Ad ideas.
Improve image quality."
My GPT Wizard,https://topai.tools/t/my-gpt-wizard,"My GPT Wizard is an AI writing and content generation partner that utilizes AI-driven creativity to meet all your content creation needs. From blogs and articles to websites and social media, it goes beyond just words to deliver better content.

My GPT Wizard allows to effortlessly create high-quality content in just three simple steps: select a template, fill the form, and get ready-to-publish results. Generate content in 25+ languages, create AI-driven images, and easily export in PDF & Word formats. Powered by GPT-4, My GPT Wizard ensures top-notch content for blogs, articles, websites, social media, and even more.",Free trial,Content creation,"Generate high quality blog posts easily and quickly.
Create website content on autopilot.
Write social media posts that engages users."
HubSpot Campaign Assistant,https://topai.tools/t/hubspot-campaign-assistant,"Hubspot Campaign Assistant, a free AI marketing asset creator from HubSpot. With Hubspot Campaign Assistant, you have the ability to generate copy for landing pages, emails, and ads with just a few clicks.

Instead of spending weeks on manual copywriting, let AI do the heavy lifting. Simply provide the key details of your campaign and select the preferred platform. The AI-powered Campaign Assistant will generate high-quality copy tailored to your brand's voice, featuring selling points and call-to-action.

With Campaign Assistant, you can save hours of time on copywriting, allowing you to focus on the details that require a personal touch. Whether it's landing pages, emails, or ad copy, this tool streamlines the creation of marketing assets and supercharges your campaigns. Best of all, Campaign Assistant is free to use. Start using Campaign Assistant today and experience the power of AI in your marketing efforts.",Free,Copywriting,"Generate copy for landing pages, emails, and ads.
Save time on copywriting and get inspiration.
Streamline marketing asset creation."
Kome,https://topai.tools/t/kome,"Kome is an all-in-one AI-powered bookmark extension that enhances your online browsing experience. With Kome, you can instantly summarize articles, webpages, news, and YouTube videos with a single click. It also serves as an efficient bookmark manager, allowing you to easily capture and store valuable content from websites.

One of Kome's standout features is the smart compose function, which utilizes your bookmarks to generate emails, tweets, and blog posts powered by AI. Additionally, it enables you to quickly find and copy email addresses in a matter of seconds.

Kome is not limited to summarizing and bookmarking alone. It also offers the ability to extract color palettes from websites and save them in your preferred format. Moreover, if you're tired of scrolling, Kome's lazy scroll feature can help you let the machine handle it for you. And if you're searching for a specific URL, Kome makes it easy by eliminating the need for tedious searches.

Adding Kome to your browser is a simple process. Just head to your browser's extension marketplace, search for ""Kome AI,"" and follow the installation instructions.",Freemium,Summarizer,"Enhancing online browsing experience with smart bookmarking.
Summarizing articles, videos and webpages with AI.
Boost productivity with efficient bookmark management."
HeyLibby,https://topai.tools/t/heylibby-ai,"HeyLibby.ai is an AI tool that helps you streamline your lead generation and lead management process including meeting scheduling and extracting information. With HeyLibby.ai, you can easily qualify leads, get the information you need from your customers, and book meetings directly to your calendar.

Customize and personalize HeyLibby.ai to match your brand's appearance and tone. Embed HeyLibby.ai on your website or share a personalized link to engage with potential customers.

HeyLibby.ai integrates with popular tools such as Google Sheets, Salesforce, and Honeybook, allowing you to seamlessly send leads to your preferred CRM system.

With easy-to-use search and sorting features, you can conveniently manage all your leads in one place. Add notes and keep track of important details to ensure you never miss an opportunity.

Take advantage of HeyLibby.ai's feedback system to continuously improve your lead generation strategy.",Free,Sales,"Qualify leads with the help of AI.
Gather customer information easily.
Book meetings with prospective leads.
Improve lead generation workflow by integrating with CRM systems."
B2BRocket,https://topai.tools/t/b2brocket-ai,"B2B Rocket AI is an innovative AI tool designed to boost the B2B sales process. B2B Rocket AI's proprietary AI agents autonomously navigate the entire sales lifecycle, from lead identification to conversion. This powerful tool effortlessly and efficiently drives revenue skywards by harnessing the power of AI in the global marketplace.

B2B Rocket AI's AI agents offer a range of features and use cases. Users can customize their AI agent by defining target audience criteria and crafting compelling sales pitches. The AI agent then strategically identifies potential clients that match the defined criteria and initiates conversations to assess their interest and qualify potential leads. Using advanced AI algorithms, the agent evaluates prospects' responses to ensure they meet predefined criteria.

The AI agent interacts with thousands of prospects, intelligently understanding and responding to their queries through natural language processing and machine learning. It maintains engagement and nurtures interest through personalized and relevant interactions, building trust and rapport with prospects. The AI agent can also conduct autonomous chat sessions and set up personalized meetings with prospects, handling logistics and scheduling efficiently.

If you're ready to skyrocket your B2B sales process on autopilot, unlock your sales potential with B2B Rocket AI.",Subscription,Sales,"Customizing AI sales agent for target audience.
Crafting compelling sales pitches.
Identifying and qualifying potential leads.
Setting up personalized meetings with prospects."
WPTurbo,https://topai.tools/t/wpturbo-dev,"WPTurbo gathers WordPress development tools to help website creators to ship them faster. The main tool is WPTurbo AI: a WordPress snippet generator. Users can generate code in PHP, JS, CSS and HTML language, then save them individually or together as a project. A chat is included in the interface to let user discuss to refine the outputed code. On top of that, it offers 40+ free WordPress code generator to customize any website using WordPress best practices.

Whether you need to create a custom plugin, customize a theme, or add functionality to an existing website, WPTurbo generates tailored code snippets in seconds. This saves developers from the time-consuming task of manual coding, resulting in faster development cycles and reduced errors.

One of the key features of WPTurbo is its snippets library, where users can store and manage their frequently used WordPress code snippets, including the ones generated by WPTurbo AI. This centralized and organized space ensures uniformity in design and functionality, leading to more professional and polished websites.",Freemium,Developer tools,"Generate code snippets for WordPress development.
Organize and manage WordPress code projects.
Create theme and plugin boilerplates for new projects."
BrainyPDF,https://topai.tools/t/brainypdf,"BrainyPDF is an AI tool that helps you chat with any PDF document. It allows students, researchers, and professionals to instantly find answers and understand research within PDF documents through a chat-like interface. With BrainyPDF, you can drop in your PDF file and browse it as if you were having a conversation with an AI assistant. The tool can summarize and answer questions for free.

For students, BrainyPDF is a valuable resource for exam preparation, homework help, and multiple-choice question answering. Researchers can benefit from easily accessing information within scientific papers, academic articles, and books, aiding their research process. Professionals can also find relevant information within scientific papers, academic articles, and books to support their work.

BrainyPDF supports multiple languages, making it accessible to users worldwide. Answers provided by BrainyPDF are backed by sources and include references to the original PDF document, ensuring credibility. The tool offers a simple, secure, fast, and free experience with files securely stored in the cloud.",Free,Chat,"Students can chat with PDF docs for exam preparation.
Researches can ingest new research PDF documents quickly and easily.
Save time on reading long documents by finding answers in a chat interface.
Accessing information within scientific papers easily by asking questions."
InterviewAI,https://topai.tools/t/interviewai,"InterviewAI is an AI-powered platform that revolutionizes the interview process. With its real-time AI-generated questions, InterviewAI makes it easy to conduct efficient and effective interviews, helping you find the best candidate for the job.

Getting started is simple - just enter the candidate's information and select the role you're interviewing for. Instantly, you'll receive tailored interview questions, including AI-generated follow-up questions. You can view and save the interview summary for future reference or copy it to your preferred ATS system.

With InterviewAI's powerful features, you can supercharge your interviewing skills. The platform offers real-time AI-generated questions that are relevant to the job category and position you've selected. It also provides a question library with a vast collection of interview questions, saving you time and giving you a starting point for customization.

Additionally, InterviewAI has interview management tools to help you keep track of candidate notes, questions, and follow-up questions. This makes the whole process feel seamless and professional.

Uncovering valuable insights is made easy with InterviewAI's smart follow-up questions, which dig deeper based on the candidate's responses. This feature helps you make better-informed hiring decisions.",Visit Site,Human resources,"Conducting efficient interviews with ease.
Finding the best candidate for the job.
Saving time with interview question library.
Managing candidate notes and questions.
Making better-informed hiring decisions."
Machined.Ai,https://topai.tools/t/machined-ai,"Machined.ai is an AI-powered tool that automates the process of building content clusters. With just a few clicks, it can write entire content clusters on any topic and for any audience. This content generation tool can produce hundreds of quality, interlinked articles that are ready to be polished and published.

Machined.ai offers a range of features designed to boost your SEO strategy. It analyzes the latest keyword data to create effective clusters that rank high in search results. It also conducts automated keyword research based on advanced analytics. Additionally, it carefully chooses keywords that work well together, boosting your ranking without cannibalization.

The tool also offers control over perspective and tone, ensuring that the content aligns with the intended audience and purpose of writing. It supports over 100 languages, making it a truly global solution.

Machined.ai is fast, scalable, and flexible. It can handle bulk writing, allowing you to write hundreds or even thousands of articles at a time. In addition, the tool offers automated internal linking, ensuring a natural flow within your content cluster.

The tool also has a roadmap for future enhancements, with a dedicated team actively working on adding new features every week. It integrates seamlessly with WordPress, making it easy to publish entire clusters of articles directly to your WordPress site. Furthermore, it offers search integration and SERP analysis for even more powerful keyword research and contextual linking.",Free trial,Content creation,"Automated content cluster generation.
SEO-driven content creation on scale with content interlinking.
WordPress integration."
MyShell,https://topai.tools/t/myshell,"MyShell is an innovative chatbot platform that allows you to create personalized chatbots called Shell. With MyShell, you can create interactive and immersive chatbots by blending versatile components to construct useful and entertaining bots tailored to your needs. You can also share your chatbots with friends and the MyShell community.

MyShell offers a wide range of features, including customizable knowledge integration, voice studio, infinite memory, internet and API integration, and multimodal integration. These features enable you to create chatbots that can interact intelligently with users, access information from external sources, and provide a seamless user experience.

MyShell provides the tools necessary to create chatbots that can handle complex dialogues and deliver accurate information in a conversational manner.",Usage based,Chatbots,"Creating personalized chatbots.
Create AI characters to chat with on different topics."
Mst.Ai,https://topai.tools/t/mst-ai,"Ministerai is a free online AI art generator that allows you to unleash the power of your imagination and push beyond limits. With just one click, you can create awe-inspiring AI artworks instantly. Leveraging advanced AI technology, Ministerai creates stunningly realistic images of unmatched quality. Whether you are a skilled artist or a beginner, Ministerai empowers you to unleash your creativity without compromising on precision and quality. Welcome to the new era of digital art with Ministerai.

Ministerai offers a large number of stable diffusion AI art models, both provided officially and shared by platform users, all available for free use and download. These models include various styles such as anime, fantasy, movie and photography, buildings and backgrounds, realistic vision, and more. You can also find distinctive styles like the Samdoesarts (Sam Yang) fashion style and the Blindbox Lora style.

Built on a stable diffusion framework, Ministerai is an efficient, accurate, and unique AI drawing tool. It supports the use of multiple models, allowing you to present your artwork in various styles. You can also train personalized models and share excellent models with the community of users. Experience the endless possibilities of creating artwork with Ministerai.",Free,Art Generation,"Create stunning AI artworks instantly.
Unleash your creativity with precision and quality.
Explore various art styles and models.
Train personalized AI art models."
Zentask,https://topai.tools/t/zentask,"Zentask is an AI-powered solution that simplifies work and boosts productivity. It offers a range of features and solutions to help streamline workflows and save time and energy. With Zentask, you can create unique textual content and visuals with just one click, making it ideal for professionals in various fields. The platform also supports real-time context creation for articles and images, making it easy to generate engaging content for blogs, businesses, and marketing copies.

Zentask is an all-in-one AI solution platform that enables you to develop unique content using diverse AI resources. Whether you need to compose, investigate, evaluate, or produce visuals, Zentask has got you covered. It allows you to write articles and marketing copies 10 times faster while ensuring they are SEO-friendly and plagiarism-free.

With Zentask, you can also boost your site's success with SEO magic by refining keywords, generating meta tags, and crafting engaging articles. It supports various settings and customizable options, including language selection and voice tone, to help you achieve maximum online visibility.

Additionally, Zentask offers the ability to create and organize prompt templates, simplifying your workload and streamlining your daily routine. It comes with a user-friendly interface and is suitable for both desktop and on-the-go browser support.",Freemium,Content Creation,"Create unique textual content and visuals.
Generate engaging content for blogs and marketing copies.
Refine keywords and generate meta tags for SEO.
Create and organize prompt templates."
Copilot2trip.Com,https://topai.tools/t/copilot2trip-com,"Copilot2trip is an AI-powered personal travel assistant that helps you plan your trips with ease. With Copilot2trip, you can chat with the assistant to provide information about your intended destination, the length of your trip, and any additional preferences or circumstances. Whether you want to plan a 3-day itinerary in Dubai, create a list of the top attractions, find hidden gem tours and experiences, or simply navigate the city, Copilot2trip has got you covered.

The intuitive interface allows you to easily interact with the assistant, map navigation and zooming options. Copilot2trip utilizes accurate map data from Google and INEGI to provide you with precise information about your desired location.",Freemium,Travel,"Plan itineraries easily and quickly.
Find attractions based on taste and preferences.
Discover tours and experiences with the help of AI."
RizeMail,https://topai.tools/t/rizemail-app,"Rizemail summarizes your emails without you having to leave your inbox. No installs. For free. You simply forward your unread newsletters or long emails to summ@rizemail.app and you get a concise AI-generated summary back as a reply. Once your emails is processed we delete any trace of it to ensure your privacy. Rizemail is the tool for you if you want to spend less time wading through useless information and want to get to the core of your emails. Save your time, summ@rizemail now.

The best part? It's completely free! Currently, Rizemail allows you to summarize up to 100 mails per month per email account. Rest assured that your emails and data are secure with us, as we delete them immediately after summarization.

While Rizemail serves modest ads at the bottom of the provided summaries to keep the service free, an ad-free premium service with extra features is coming soon. When you use Rizemail, your email is only used to summarize it, nothing else.

Amazon Web Services (AWS) will receive your emails and trim the core body for our AI tool, OpenAI's GPT3.5 Turbo, to summarize. Once AWS returns the summary, it deletes all traces. Your email addresses are encrypted and stored as a hash, ensuring no one can see the content of your emails. The list of hashed emails is deleted every month.",Free,Email,"Quickly summarize emails.
Manage long email threads and get the gist of it.
Organize commercial communications.
Summarize newsletters to get the core message quickly."
TopAI.Tools,https://topai.tools/t/topai-tools,"topAI.tools is one of the best and largest AI tools aggregators and search engines, it lists thousands of AI tools in the AI web directory in different categories. topAI.tools search bar is powered by AI so that you can find the tool you are looking for at any time for any given task. On the website you can also bookmark different tools in addition to creating short lists of AI tools stacks that you can export and share with your team or use to compare different tools.

If you are an AI app or tool creator you can also submit your tool to the topAI.tools directory to get it listed and promote it to thousands of users every day.",Free,Aggregators,"Find AI tools for specific tasks.
Bookmark and compare AI tools.
Submit AI tools for listing and promotion."
ProAI Image Generator,https://topai.tools/t/proai-image-generator,"ProAI is an AI image and art generator, that can be used to generate free images, with different use cases, such as, digital art, social media content, advertising, photography, graphic design or print in demand.

The generated images are free to use commercially.Users are also able to choose from different model styles, aspect ratios, up to 4 generated images at a time, and upscaling up to 2x or 3x times more, through paid monthly subscriptions.",Freemium,Image Generation,"Digital art creation for different projects without design skills.
Social media content design generation from text prompts.
Creating advertising and marketing visuals easily."
GenixGPT - Travel AI,https://topai.tools/t/genixgpt-travel-ai,"GenixGPT is an AI travel planner that helps you discover the best hidden gems and off-the-beaten-path destinations for your next trip. With AI-tailored recommendations, it provides unique and truly personalized vacation suggestions in minutes. Stop endlessly sifting through search results on Google, as GenixGPT expertly discovers spots that perfectly align with your personal taste.

Whether you're looking for remote and rugged landscapes, stunning views, or untouched beauty, GenixGPT can help. It also uncovers hidden gems for you with the help of AI.

GenixGPT is an AI companion for your vacation planning, making it easier to find the perfect destinations. Its personalized recommendations and ability to uncover hidden gems will help you create truly memorable trips.Discover the best places for your next adventure with GenixGPT, made with love for passionate travelers.",Free trial,Travel,"Find personalized vacation suggestions with the help of AI.
Discover personalized hidden gems for travel easily.
Plan memorable trips easily without the hustle of searching.
Get personalized and unique travel recommendations for your next trip."
Coginiti,https://topai.tools/t/coginiti-co,"Coginiti AI is an AI data analytics assistant that helps users produce consistent high-quality insights faster. Coginiti's AI assistant enables users to generate SQL using natural language prompts, optimize existing SQL queries, explain shared SQL in the integrated catalog, give detailed explanations and solutions to errors, and explain query execution plans for better optimization.

The tool provides powerful query and analysis capabilities, allowing users to explore, manage, and analyze data in a collaborative data workspace. It also supports deep database and object store integration, providing easy access to data from various platforms such as Redshift, Microsoft, Snowflake, IBM, bigquery, Yellowbrick, and Databricks.

Coginiti AI is focused on enabling collaborative intelligence, believing in the future of intelligence being collaborative. The tool is built with responsible AI principles and has established proud relationships with partners. Coginiti also provides resources such as white papers, webinars, case studies, and a blog for users to learn and stay updated with the latest news and perspectives.

The AI advisor continually evolves based on every interaction, tailor-making recommendations and suggestions according to individual needs.

Coginiti AI also focuses on enhancing query performance to decrease compute costs. Users can ask the AI advisor for assistance in leveraging indexes, optimizing joins, and reducing response times. This enhanced performance translates into faster insights, improved resource utilization, and lower compute costs.",Free trial,Data analysis,"Simplifying SQL writing and making efficient queries for your data.
Accelerating data analytic products.
Enhancing query performance."
Everbility,https://topai.tools/t/everbility,"Everbility is an AI-powered documentation assistant designed specifically for occupational therapists. It streamlines the documentation process, allowing therapists to synthesize and summarize client notes and generate report sections quickly and efficiently. With Everbility, therapists can focus more of their time and energy on their clients' needs.

All notes and templates uploaded to Everbility are encrypted both in transit and at rest, ensuring the security of sensitive information. Additionally, client notes and templates are stored exclusively in Australia, with plans to expand to other regions in the future.

Everbility offers an AI-assisted writer and assistant to improve documentation efficiency. In addition, users can access the vast knowledge base embedded in Everbility to find the latest research and information relevant to their practice. The tool also helps therapists by summarizing and synthesizing client notes, allowing for quick and structured answers to queries.

With Everbility, therapists can save time, streamline their documentation process, and focus on providing quality care to their clients. The tool offers pre-defined report templates to easily generate professional reports, saving a lot of time and effort. Therapists can also save favorite questions and access them in conversations with the assistant, eliminating the need to start from scratch every time.",Freemium,AI Assistant,"Streamline documentation process for occupational therapists.
Synthesize client notes easily and quickly.
Generate report sections based on notes taken."
